ID,CSM67U9H_P,CSM67U9H,CSM67UB9_P,CSM67UB9,CSM67UEW_P,CSM67UEW,CSM67UF1_P,CSM67UF1,CSM79HGF_P,CSM79HGF,CSM79HHW_P,CSM79HHW,HSM5MD43_P,HSM5MD43,HSM5MD5B_P,HSM5MD5B,HSM5MD5D_P,HSM5MD5D,HSM5MD6I_P,HSM5MD6I,HSM5MD6K_P,HSM5MD6K,HSM67VDT_P,HSM67VDT,HSM67VFX_P,HSM67VFX,HSM67VGA_P,HSM67VGA,HSM6XRQB_P,HSM6XRQB,HSM6XRSX_P,HSM6XRSX,HSM6XRTG_P,HSM6XRTG,MSM6J2M3_P,MSM6J2M3,PSM6XBRK_P,PSM6XBRK,PSM6XBS4_P,PSM6XBS4,PSM6XBSE_P,PSM6XBSE,PSM7J13Y_P,PSM7J13Y
Faecalibacterium_prausnitzii,2.32063,2.11547,3.68485,3.10404,39.73184,39.16168,11.16682,10.23214,13.74055,10.28856,0.74795,0.74174,21.89817,19.01144,19.26586,15.73824,21.21378,24.63451,13.49964,13.12699,19.12706,22.25916,1.75803,1.28601,32.68166,28.67571,10.14762,10.42171,0.07935,0.07112,7.36923,7.1617,20.71717,17.76874,18.01107,14.86282,6.03699,4.13495,41.88792,32.82799,17.04228,24.0928,7.5515,9.00474
Bacteroides_ovatus,1.00774,1.00961,37.45297,42.87102,0.09215,0.08331,1.1566,1.36681,2.92848,3.09989,23.70084,22.63413,29.44368,24.42478,0.83255,0.87926,1.83243,2.08454,5.67179,6.56663,4.86451,4.51715,2.03965,2.59109,1.14038,1.40312,0.56295,0.48502,30.48794,27.71755,1.50744,1.39579,0.02525,0.00799,1.01572,1.19052,5.57037,4.92281,0.58563,0.60329,2.8258,0.83385,12.8237,12.84629
Subdoligranulum_unclassified,0.12089,0.314,0.82915,0.30679,0.67986,0.97463,0.87451,0.94554,7.39935,6.4511,4.99845,5.19305,0.78013,3.12306,4.17632,8.95246,3.68097,3.83163,0.65096,0.74604,1.05679,1.12413,1.96587,1.41063,6.41438,5.16155,1.03979,1.48506,10.80164,7.67705,9.07326,8.44265,1.24739,1.12857,4.73037,4.80355,0.32781,0.18723,0.09644,0.17228,4.11173,2.7269,0.08991,0.06065
Ruminococcus_obeum,0.03121,0.04263,0.04592,0.02565,0.69454,0.9234,0.787,1.13997,0.17712,0.22945,0,0,0.02589,0.0628,0.02683,0.19445,0.04356,0.02999,0.06373,0.09712,0.11157,0.12315,0.09253,0.07446,0.06183,0.03243,0.09201,0.12093,0.09906,0.07947,0.06453,0.04855,0.00425,0.00239,0.4527,0.44569,0.14248,0.03202,1.27407,1.30224,0.58183,1.18278,0.00237,0.00042
Bacteroides_uniformis,0.55662,0.6125,21.51993,19.65479,3.57231,3.9763,4.90737,4.73191,18.2744,17.76068,0,0,12.72264,14.93681,7.19744,3.87875,3.5922,3.34661,0.00073,0,0.00057,0.00674,6.16724,6.24987,6.32887,7.15217,7.59226,6.62541,2.8694,5.85748,4.60194,4.71355,2.22096,2.20541,4.51543,4.82889,0.28123,0.75364,4.06002,3.78197,1.76254,0.51214,1.25346,1.27586
Oscillibacter_unclassified,0.61667,0.77023,0.22436,0.12264,0.06612,0.0775,0.16642,0.14275,4.78528,5.21921,0.16894,0.08703,0.10962,0.08106,0.12679,0.17935,0.3253,0.55727,0.26617,0.30362,0.17313,0.22926,0.25739,0.45508,0.02711,1.08173,1.52561,2.01096,0.2068,0.29256,0.74249,0.68642,0.54591,0.74929,0.05895,0.06819,0.06042,0.01865,0.05858,0.03934,0,0,0.43007,0
Ruminococcus_torques,0.13693,0.12345,0.03109,0,1.00911,0.94161,1.07284,1.05066,0.33519,0,0.76835,0.55896,0.08162,1.1831,0.29188,0.27796,0.10343,0.33829,0.06547,0.1028,0.087,0.09921,0.09423,0.16584,0.47283,0.35977,0.13907,0.47572,2.74433,2.18421,0.19948,0.0656,0,0.09983,0.37668,0.52433,0.07021,0.10717,0.25226,0.18268,0.35946,0.57807,0.0673,0.01229
Bacteroides_stercoris,0.21543,0.30316,0.23082,0.28742,4.47976,7.69344,13.20102,14.38948,3.25384,3.26808,0,0,16.92778,16.39165,1.22202,1.04143,0.65672,0.64515,44.45132,40.68411,35.34351,32.70024,40.56654,41.13562,1.78709,1.85827,0.19031,0.12956,0.00155,0,1.62986,1.92613,0.51187,0.38115,3.64082,3.95121,16.76845,12.84926,7.55777,7.14249,0.03796,0,16.65706,15.16242
Roseburia_inulinivorans,0.0413,0.00985,0,0,0.13115,0.14691,0.008,0,0.10374,0.10779,0.01001,0,0.10256,0.1068,0.49209,0.60196,0.04663,0.03667,0.15945,0.16125,0.41424,0.43042,0.00622,0.00729,0.19438,0.20426,0.10729,0.17313,6.55101,4.65578,0.03887,0.03165,0.05033,0.0571,0.03709,0.06129,1.52977,0.94097,2.23941,2.11327,4.75671,5.47431,0.96943,0.75046
Bacteroides_vulgatus,0.15299,0.59964,10.14125,8.44162,1.5696,2.11515,4.74505,5.05514,0.60282,0.61505,0,0.00633,0.00396,0,2.99055,1.16844,5.89768,5.35049,0.00484,0,0.00488,0,9.919,11.16418,6.39748,6.97424,6.37616,5.49044,1.80454,2.36971,6.14663,5.27956,1.10138,1.38364,1.65061,1.86728,8.26746,27.43823,3.34712,10.88752,5.25578,4.82004,0.00869,0
Eubacterium_rectale,21.66203,22.85233,0,0,0.137,0.14058,0.20815,0.22311,9.85609,13.63473,2.96101,3.07698,0.91511,1.54828,2.77901,2.91396,2.8004,4.84549,3.94188,9.83226,3.8729,5.90048,1.4324,1.51269,4.16779,5.40991,0,0,0.20312,0.02536,2.40291,3.05112,0,0,5.58976,5.41943,2.79387,3.14359,14.28015,16.50469,9.76366,15.80623,1.25537,1.21871
Dorea_longicatena,0.02088,0.01636,0,0,0.17617,0.26773,0.37489,0.55632,0.0054,0.02051,0,0,0.08567,0.1901,0.12263,0.55138,0.25712,0.33225,0.07667,0.1411,0.18625,0.26626,0.07023,0.05032,0.59304,0.64141,0.07569,0.11936,0.12033,0.14197,0.48692,0.53904,0.01187,0.01509,0.03983,0.06913,0.13178,0.28817,1.4355,2.19826,0.03341,0.08348,0,0
Roseburia_hominis,0.00017,0,0,0,2.23842,1.68448,0.43722,0.24507,0,0,0,0,0.09535,0.12932,0.50082,0.24577,0.17106,0.19814,0.27587,0.37523,0.0795,0.04516,0.05693,0.02295,0.1085,0.68151,0.95543,1.87736,0.39724,0.34785,0.01144,0.01111,0.19818,0.35438,6.22998,6.40244,0.18789,0.27866,0.07043,0.04592,0.46233,0.32204,0.01882,0.01952
Clostridium_bolteae,0.02634,0.03592,0.31895,2.87228,0.05252,0.09717,0.05002,0.0502,0.20277,0.1776,2.31797,2.74968,0.00645,0.03675,0.01302,0.09723,0.18362,0.16897,0.42636,0.46882,0.0044,0.00102,0.00555,0.00494,0.02213,0.03503,0.02762,0.04077,2.96374,4.2135,0.11762,0.0887,0,0,0,0,0.00529,0,0,0,0.02758,0.08352,0.2106,0.26084
Lachnospiraceae_bacterium_3_1_46FAA,0.08593,0.09352,0,0,0.25339,0.25212,1.23331,1.26251,0,0,0,0,0.00886,0.06377,0.1428,0.10443,0.09628,0.10174,0.04214,0.06741,0.01858,0.01457,0.00054,0.00246,0.09825,0.19437,0,0.04031,0.64798,0.35086,0.15839,0.15318,0.00136,0.01116,0.33833,0.35458,0.5676,0.53647,0.62955,0.81117,0.0359,0,0.05898,0.06361
Bacteroides_caccae,0.90729,0.99047,1.12801,0.88653,0,0,0,0,8.42906,7.97718,11.03129,11.72894,8.54209,6.57298,2.35146,1.53251,5.79435,5.16976,0,0,0,0,2.86799,3.0719,3.88419,4.07207,8.88716,6.75656,5.40845,6.61197,4.85211,3.75602,1.31384,1.37077,0.91783,0.89511,2.86351,2.33458,0.00039,0,1.59961,0.54163,7.79932,7.98078
Eubacterium_hallii,0,0,0,0,0.04493,0.0988,0.16525,0.13986,0.01149,0.0498,0.01316,0,0.04131,0.03735,0.01073,0.09213,0.11924,0.18052,0.11444,0.23871,0.07715,0.1644,0.00358,0,0.17004,0.09488,0.0444,0.09343,0.70339,1.53878,0.14554,0.15979,0.00559,0.00374,0.00665,0.00615,0.04154,0,1.5701,1.33278,0.07963,0.08032,0,0
Bacteroides_dorei,1.1726,1.39023,0.0025,0.15515,0,0,0,0,4.50379,4.5594,12.46436,9.79627,1.22363,1.08606,0.00897,0.004,0.06871,0.06756,0,0,0,0,0.15446,0.16063,0.02624,0.01357,0.73055,0.56253,0.00351,0,0.10933,0.09255,0.10933,0.1437,0.10105,0.10273,1.36574,1.80785,0.05103,0.0286,0.006,0,0.32411,0.53612
Bifidobacterium_longum,0.01011,0.00215,0,0,0.08584,0.05155,0.01819,0,3.1258,2.16432,0,0,1.966,1.0877,0.19604,0.5218,0.11184,0.11689,0,0,0,0,0.19251,0.11623,0.03464,0.0575,0.05059,0.1942,0.0006,0,0.03819,0.02666,0.04635,0.04886,0.00349,0.00248,0.07434,0.01145,0.59485,0.54553,0.10577,0.37162,0.33433,0.47566
Dorea_formicigenerans,0.08165,0.04845,0,0,0.0235,0.00758,0.24745,0.22423,0,0.01006,0,0,0.01145,0.02345,0,0.01238,0.0026,0.01453,0.00768,0.01292,0.02681,0.03749,0.01069,0.00176,0.01592,0.03177,0.06154,0.23313,0.09679,0.11426,0.04222,0.04276,0,0,0.07951,0.09977,0.07244,0.10835,0.26866,0.51393,0.15737,0.33506,0,0
Ruminococcus_gnavus,0.01419,0,0.02042,0.07618,1.18395,1.2391,0.08808,0.04814,0.09896,0.0664,15.99964,14.20023,0.07581,0.16909,0.01941,0.05407,0,0,0.00388,0.0079,0,0,0.05607,0.05363,0.00114,0,0,0.01948,11.95542,16.04231,0.00716,0.00585,0.02643,0.05934,0,0,0.04917,0.04239,0,0,1.81363,4.22028,0.35958,0.41104
Lachnospiraceae_bacterium_7_1_58FAA,0.00225,0,0,0,0,0,0.00751,0.00722,0.0088,0,0.16025,0.20419,0.01759,0.02083,0.05595,0.04667,0.23456,0.24512,0.04716,0.05381,0.02727,0.03242,0.00219,0.00151,0.32036,0.3347,0.11073,0.13396,0.96682,1.04951,0.21469,0.18137,0.05854,0.06924,0.00891,0.00959,0.04551,0.02216,0,0,0.01113,0,0,0
Eubacterium_eligens,0.32222,0.51188,0,0,0.97836,1.10597,1.37557,2.08445,1.07817,1.38497,0,0,0,0,0.06983,0.08981,0.02146,0.04874,0.03815,0.03143,0.02456,0.03198,0.00803,0.00138,2.09709,2.40381,0.10014,0.08268,0,0,0.01593,0.00337,0.03342,0.10611,0.3428,0.38944,0.14282,0.19022,0.23301,0.33473,0,0,0,0
Flavonifractor_plautii,0.00911,0.02397,0,0,0,0,0,0,0.16214,0.06742,0.14894,0.22527,0.03075,0.04145,0.03764,0.01696,0.16851,0.19575,0.07087,0.05464,0.07466,0.06612,0.01366,0.00619,0.24138,0.25159,0.01367,0.00495,0.08448,0.0898,0.11435,0.13199,0.00748,0.00872,0,0,0.04718,0.03251,0,0,0,0,0.1133,0.14389
Haemophilus_parainfluenzae,0.0332,0.02097,0,0,1.07647,0.73941,0.25778,0.24916,0.49229,0.44571,0.00797,0,0.106,0.09391,2.70582,7.0655,0.07919,0.05848,0,0,0,0,0.06717,0.04911,0.09484,0.04633,0,0.00923,0,0,0.33292,0.32282,0.16255,0.16646,0.21736,0.25772,0.00102,0,0.01013,0.00145,0.12832,0.12023,0,0
Veillonella_parvula,0.00166,0,0,0,0.52329,0.4736,0.01288,0.71874,0,0,0.03074,0.04412,0.02898,0.03787,0.07578,0.07829,0.04498,0.05361,0.00359,0.00427,0,0,0.01385,0.01041,0.04076,0.02233,0.02523,0.04489,0,0,0.18079,0.18475,0,0,0.10533,0.07365,0.11025,0.06202,0.02594,0.01264,0.72807,0.84191,0,0
Clostridium_symbiosum,0.01335,0.03029,0.14062,0.18809,0.00775,0.00981,0.01483,0.00703,0.30011,0.23483,0.00521,0,0.11205,1.01021,0.00168,0.03738,0.0496,0.05028,0.00074,0.0051,0,0,0,0,0,0.00315,0.01036,0.04906,3.68852,3.87644,0.0719,0.06331,0,0,0,0,0,0,0,0,0.07557,0.08981,1.44356,1.70029
Collinsella_aerofaciens,0,0,0.02105,0.00744,1.10826,0.98997,0.58571,0.37097,0.38917,0.21448,0,0,0.04347,0.07907,0.04884,0.10821,0.26326,0.33888,0,0,0,0,0.04719,0.03191,0.12326,0.13738,0.12437,0.27514,0,0,0.35967,0.39418,0.00117,0.00212,0.12382,0.09382,0.1341,0.09434,0.74927,0.55589,0,0,0,0
Lachnospiraceae_bacterium_5_1_63FAA,0,0,0,0,0.14415,0.14964,0.41634,0.3493,0,0,0.06337,0.04948,0,0.0004,0.00653,0.0352,0,0,0.01888,0.04522,0.04638,0.06009,0.00063,0,0,0,0.01784,0.01808,0.0852,0.10639,0.00581,0.0004,0,0,0.06587,0.0616,0.03532,0.00984,0.26518,0.23223,0.34128,0.41885,0.05183,0.02932
Bacteroides_thetaiotaomicron,0,0,1.7115,1.91794,0.72793,0.7917,1.90857,2.01551,0,0,0,0,0.00285,0,0.45169,0.24412,0.91468,0.81733,0,0,0,0,1.23483,1.34003,0.60706,0.58167,7.32589,6.36573,0,0,0.52178,0.39413,2.10527,2.04788,0.87152,0.11759,0.13522,0.07046,0,0,0.57366,0.12368,2.19536,2.35982
Veillonella_unclassified,0,0,0,0,3.57547,2.10016,3.30085,3.46644,0,0,0.04881,0,0.03831,0.03019,1.84766,4.79707,0.05964,0.07428,0.01632,0.01892,0,0,0.02238,0.01509,0.07111,0.06573,0.02026,0.02722,0,0,0.29828,0.16004,0,0,0.03803,0.06129,0.07684,0.06576,0.03625,0.03224,0.56425,0.94021,0,0
Alistipes_finegoldii,0,0,2.21761,1.81137,0.07018,0.04145,0.83507,0.48596,0,0,0,0,0,0,0.32301,0.25017,2.62943,2.24256,0.33692,0.35481,0.74036,0.73559,0.39456,0.30759,0.88263,0.87227,0.10933,0.07207,0,0,0.94856,0.89285,0.00686,0.00591,0.18458,0.16573,0.03257,0.01408,0,0,0.01789,0,0,0
Eubacterium_ventriosum,0.03989,0.02454,0,0,0,0,0,0,0.0177,0.03758,0,0,0.03382,0.05323,0.77551,0.43024,2.22396,2.48599,0,0,0,0,0.32997,0.17619,0.75334,0.80338,0.19881,0.32256,0,0,0.56987,0.54448,0.03343,0.147,0.01006,0.02484,1.8085,1.97301,3.51824,4.22521,0.30578,0.11514,0,0
Clostridium_leptum,0.06595,0.02303,0.18028,0.15428,0,0,0,0,1.63793,1.37206,0.00531,0.0025,0,0,0.12883,0.285,3.36233,3.22196,0.19835,0.17491,0.14225,0.15387,0.17724,0.11332,0.72095,0.52032,0.91433,1.76282,0,0,0.27155,0.30129,0.90559,1.10172,0.01111,0.00417,0,0,0,0,0,0,0,0
Parasutterella_excrementihominis,0,0,0,0,0.0427,0.02726,0.0737,0.05141,0,0,0.35191,0.35527,0.00969,0.00227,0.4075,1.05666,0.54858,0.48758,0.09094,0.06941,0.07337,0.07938,0.09688,0.097,0.18419,0.1093,0.03318,0.0329,0,0,0.79936,0.96681,0.01407,0.02019,0.08455,0.14215,0,0,0,0,0,0,0,0
Clostridium_hathewayi,0.00557,0,0.70414,0.56365,0,0,0,0,0.13293,0.11474,0.056,0.031,0.09089,0.81748,0.04739,0.26737,0.11538,0.10982,0.00721,0.00989,0,0.00135,0,0,0.01655,0.01566,0.0021,0.00902,3.71261,4.22144,0.2227,0.19166,0.00365,0,0,0,0,0,0,0,0.00361,0,0,0
Burkholderiales_bacterium_1_1_47,0,0,0,0,0.05956,0.01999,0.08294,0.05708,0,0,0,0,0.10734,0.08525,0.60613,2.01334,0.91058,0.68952,0.17024,0.1454,0.17013,0.1382,0.00991,0.00624,0.31526,0.18564,0.57819,0.72009,0,0,1.34973,1.47547,0.36513,0.45375,0.13343,0.23064,0,0,0,0,0,0,0,0
Bacteroides_xylanisolvens,0.35511,0.03868,0.02657,0.05545,0.20146,0.26908,0.91777,0.91444,1.01882,1.19109,0.12674,0.17878,0,0,0.00935,0.00264,0.01514,0.01988,0,0,0,0,0,0,0,0,0,0,0.27011,0.03056,0.01382,0.01431,0,0,0.51836,0.57193,0.0293,0.00498,0,0,0.18629,0,0.00103,0
Coprococcus_comes,0,0,0,0,0,0,0,0,0.03389,0.03252,0,0,0.15337,0.19457,0.06146,0.21309,0.07259,0.09073,0.02741,0.02435,0.05723,0.06614,0,0,0.13785,0.21632,0,0,0.01197,0.01312,0.18028,0.20903,0,0,0.11867,0.13613,0.41118,0.32819,0.82315,0.77183,0.0025,0.00609,0,0
Dialister_invisus,0,0,0,0,0.06372,0.04076,0.20723,0.20655,0,0,0,0,0.18747,0.27555,2.04051,6.33638,1.70455,1.58051,0,0,0.10288,0.12963,0.51913,0.4405,0.00564,0,4.61275,8.53315,0,0,5.08066,5.10465,0.60136,0.80863,0.26046,0.30146,0,0,0,0,0.04087,0,0,0.01289
Bifidobacterium_adolescentis,0,0,0,0,6.22171,6.49141,2.84317,2.81318,0,0,0.42677,0.16431,0,0,0.16436,0.71016,0.23515,0.23188,0,0,0,0,0,0,0.17403,0.20978,0.08958,0.21419,0,0,1.82323,1.93984,0.03329,0.02978,0.01832,0.02513,0.00333,0,0.31803,0.30203,0,0,0.23442,0.28003
Bilophila_unclassified,0,0,0,0,0,0,0,0,0,0,0.51145,0.31864,0.0327,0.2844,0.22764,0.17178,1.1628,1.17134,0.31002,0.30067,0.85595,1.17258,0,0,3.12801,2.23245,0.50284,0.98587,0.00073,0,2.31795,2.01825,0.25881,0.35811,0.01885,0.02567,0.3472,0.16346,0,0,0,0,0,0
Eubacterium_ramulus,0.00417,0,0,0,0.00468,0,0.0928,0.09526,0,0,0,0,0.00288,0.01956,0,0,0,0,0.00978,0.02784,0.07015,0.0924,0,0,0,0,0.00262,0.04577,5.67049,4.37891,0,0,0.01494,0.00497,0.11619,0.09755,0.32396,0.15825,0.37032,0.38245,0.1145,0.08374,0,0
Parabacteroides_merdae,0,0,0.01699,0.02397,0,0,0,0,0,0,0,0,0.65151,0.46795,3.29432,2.29922,6.21516,6.83307,0,0,0,0,4.83567,4.55691,4.65035,5.4531,0,0,0,0,1.75737,2.06961,0,0,0.08944,0.1302,1.0057,0.87955,0.06279,0.05397,0.08392,0,1.09752,1.21686
Alistipes_onderdonkii,0,0,0,0,0,0,0.00103,0,0,0,0,0,0,0,0.53903,0.4573,1.48473,1.68927,1.66994,1.62208,2.93226,3.03756,1.73435,1.48427,1.86877,1.94092,2.43924,2.30416,0,0,0.56645,0.62206,0.78204,0.53923,0.73848,0.6409,0,0,0,0,0.77753,0.02016,0,0
Escherichia_coli,0.19973,0.16941,0,0,1.24649,0.7689,0.15235,0.13655,0,0,0.0769,0.00865,0.0947,0.41941,0.32172,1.12225,0.09586,0.03492,0.00384,0,0,0,0.05679,0.12483,1.28977,0.94498,0.06109,0.04631,0,0,4.72978,7.75097,0,0,0,0,0,0,0,0,0,0,0,0
Bifidobacterium_bifidum,0,0,0,0,0.05226,0.01212,0,0,0,0,0.00714,0,0.07234,0.11923,0.11102,0.51507,0.10241,0.11654,0,0,0,0,0,0,0.53542,0.62234,0.62784,1.6026,0,0,0.32745,0.47505,0.09817,0.06931,0,0,0.04288,0.01306,0.21885,0.09054,0,0,0.04458,0.05136
Bacteroides_massiliensis,0.00295,0,0.00664,0,0,0,0,0,0.00345,0,0,0,0,0,0.00166,0,0.00337,0,21.14161,23.02018,22.39122,21.07257,0.00618,0,0.00451,0,0,0,4.27844,3.88039,0.00285,0,0,0,0.16823,0.17921,23.76557,17.50198,0.62278,0.57586,0,0,31.86249,30.74635
Bacteroides_eggerthii,0.00061,0,0,0,0,0,0,0,0.0026,0,0,0,0.00349,0,33.61358,20.82541,18.01382,9.20062,0.00108,0,0,0,0.00457,0,5.81982,6.22983,6.21612,5.52178,0,0,13.34188,14.67001,0.59714,0.55101,0.03441,0.02764,0.00113,0,0,0,7.35893,2.30895,0,0
Roseburia_intestinalis,0.46623,0.35212,0,0,6.03517,7.66815,6.31745,10.82573,0,0,0,0,0,0,0.95052,1.55286,0.02125,0,0,0,0,0.00467,0,0,0.46955,0.67364,0,0,0,0,0.05678,0.10895,0,0,0.00299,0.00315,0,0,4.9925,5.96372,17.44594,23.62551,1.90629,1.97503
Parabacteroides_distasonis,0.36143,0.3742,0.0064,0.01142,0,0,0,0,4.16104,4.25202,0,0,0.89325,0.53035,0,0,0,0,0,0,0,0,0.00172,0,0,0,10.27633,7.15754,0,0.00424,0,0,1.32551,1.62793,0.3887,0.42548,6.75381,6.47046,0.29499,0.16021,0,0,7.23272,7.91327
Anaerostipes_hadrus,0,0,0,0,0.59189,0.63751,1.13831,1.08597,0,0,0,0,0,0,0.00139,0.03726,0,0,0.06571,0.1249,0.10302,0.1652,0,0,0,0,0,0,0.12581,0.1117,0.0012,0,0,0,0.14767,0.13181,0.00634,0,0.06502,0.05773,0.08077,0.07527,0.01192,0.00789
Lachnospiraceae_bacterium_3_1_57FAA_CT1,0,0,0,0,0.03877,0.02294,0.00804,0,0.15553,0.1079,0.1537,0.13266,0,0,0.01333,0.06275,0.10453,0.0233,0.00773,0.01183,0.02259,0.00666,0,0,0.00419,0,0.0373,0.07194,0.38287,0.31254,0.03199,0.02708,0,0,0,0,0,0,0,0,0,0,0,0
Clostridium_asparagiforme,0.001,0,0.36259,0.25017,0,0,0.00404,0,0.08242,0.00943,0.0094,0.03003,0,0,0.00325,0.01758,0.10927,0.0819,0.01145,0.02329,0.00028,0,0,0,0,0.01529,0,0.02818,0.0123,0.01868,0.09361,0.07219,0.00261,0,0,0,0,0,0,0,0,0,0,0
Lachnospiraceae_bacterium_1_1_57FAA,0,0,0,0.00962,10.53882,6.18872,3.83873,2.86573,0,0,0.01781,0.03345,0,0,0.2567,0.11786,0.43858,0.52848,0,0.00729,0,0,0,0.00478,0,0.56953,0.41279,0.35301,0,0,0.55726,0.62312,0,0,0,0,0,0,0,0,0.08149,0.04253,0.01078,0
Veillonella_atypica,0,0,0,0,0.23242,0.32017,0.1728,0.31584,0,0,0.09002,0.177,0.00034,0,0.15245,0.29597,0,0,0,0,0,0,0,0,0.01765,0.0074,0,0,0,0,0.00948,0.00383,0,0,0.02833,0.03584,0.01178,0.01227,0.019,0.01986,0.40279,0.40127,0,0
Clostridiales_bacterium_1_7_47FAA,0,0,0.06914,0.04403,0,0,0.00184,0,0.00164,0,0,0,0,0,0,0.02178,0.00392,0.00813,0.01177,0.01634,0.00419,0.00419,0,0,0,0,0.02807,0.07155,0.13745,0.25851,0.01212,0.00226,0.00299,0.00654,0,0,0,0,0,0,0,0,0.06213,0.08253
Veillonella_dispar,0,0,0,0,0.47058,0.85713,0.34951,0.48758,0,0,0,0,0,0,0.10686,0.38611,0.01983,0.01253,0,0,0,0,0,0,0.03354,0.01176,0,0,0,0,0.06745,0.06562,0,0,0.01303,0.01073,0.00481,0.01119,0.00776,0.0019,0.04612,0.12279,0,0
Clostridium_citroniae,0.0039,0,0.07485,0.04179,0,0,0,0,0.05117,0.04961,0.00267,0,0,0.01189,0,0.01918,0.02027,0.01364,0.00476,0.00639,0,0,0,0,0,0,0,0.01004,0.01669,0.031,0.03407,0.01378,0,0,0,0,0.00568,0,0,0,0,0,0.04602,0.0496
Ruminococcus_bromii,0,0,0,0,0.03034,0.0317,0.1152,0.1038,0,0,0,0,0,0,0.31982,0.46657,2.64135,3.49729,0.29632,0.33772,0.45549,0.50354,0,0,0.00226,0,0.54418,0.52056,0,0,0.93712,0.88441,0,0,0.20691,0.21592,0,0,0,0,0,0,0,0
Alistipes_shahii,0,0,0,0,0.13404,0.08681,0.68337,0.41701,0,0,0,0,0.42998,0.52721,0,0,0,0,0.44293,0.46231,0.73101,0.83562,0.50614,0.42323,0,0,0,0,0,0,0,0,0,0,0.39149,0.4408,0.73183,0.33307,0,0,0.27944,0,0.40651,0.32945
Streptococcus_salivarius,0,0,0,0,0.119,0.2152,0.02176,0.0683,0,0,0,0,0.00444,0.00558,0.17629,0.88693,0,0,0,0,0,0,0.00723,0.01662,0.12015,0.12894,0,0.00327,0,0,0.00584,0.00195,0,0,0.00886,0.01178,0,0,0,0,0.07311,0.13084,0,0
Holdemania_filiformis,0,0,0,0,0,0,0.00105,0,0,0,0,0,0.01624,0.02289,0.05568,0.03052,0.10968,0.07332,0.01617,0.01292,0.01937,0.00576,0,0,0.06743,0.04138,0.00368,0.03593,0,0,0.32597,0.20057,0.04532,0.00859,0,0,0,0,0,0,0,0,0,0
Bilophila_wadsworthia,0,0,0,0,0,0,0,0,0,0,0.0134,0,0,0.0032,0.00086,0.00105,0.00548,0.00471,0,0.00062,0.00139,0.00129,0,0,0.04616,0.01649,0.01107,0.00559,0,0,0.03292,0.02336,0.00199,0.0009,0,0,0.01995,0.01097,0,0,0,0,0,0
Akkermansia_muciniphila,2.99756,1.95861,0,0,0,0,0,0,0,0,0,0,0,0,0.08929,0.14054,0.81124,0.74681,0,0,0,0,3.30723,1.88306,0.19699,0.23319,1.69947,2.53409,0,0,0.48173,0.88161,0.36429,0.29984,0.12708,0.13521,0,0,0,0,0,0,0,0
Streptococcus_parasanguinis,0,0,0,0,1.04912,1.102,0.17742,0.2309,0,0,0.03887,0.02318,0,0,0.26238,0.33058,0.00136,0,0,0,0,0,0.00372,0,0.12002,0.09251,0,0,0,0,0.00797,0.00195,0,0,0.01312,0.00633,0,0,0.00122,0,0.0011,0,0,0
Escherichia_unclassified,0.03127,0.37184,0,0,0.05684,0.38325,0,0.01401,0,0,0.04845,0,0.03847,0.12819,0,0.24627,0,0,0.01285,0.00645,0.00355,0,0,0.01443,0,0.32673,0,0.02645,0.01027,0,0,0.09432,0,0,0,0,0.01227,0,0,0,0,0,0,0
Ruminococcaceae_bacterium_D16,0.00246,0,0,0,0,0,0,0,0.7162,0.51451,0,0,0.04595,0.0928,0.14756,0.05704,1.34474,1.28674,0,0,0,0,0.18515,0.19674,0.44678,0.40007,0,0,0,0,0.658,0.67031,0,0,0.0019,0.0012,0,0,0,0,0,0,0,0
Anaerotruncus_colihominis,0,0,0,0,0,0,0,0,0.08175,0.0752,0,0,0,0,0.01831,0.00596,0.26552,0.23149,0.01124,0.01852,0,0,0,0,0.14657,0.05683,0.04682,0.2172,0.7063,0.423,0.04605,0.03007,0,0.00054,0,0,0,0,0,0,0,0,0,0
Prevotella_copri,61.73298,59.8328,0.00251,0,0,0,0.00157,0,2.7858,3.46075,0,0,0,0,0,0,0,0,0,0,0,0,0,0,0.01935,0,0.60102,1.09579,0.00738,0,0,0,56.97637,59.53344,0,0.29375,0.0083,0,0.00777,0.0012,0,0,0,0
Bacteroides_fragilis,0,0,0,0,0.30806,1.6728,0.43816,0.66732,0,0,2.25172,2.62368,0.78681,2.87517,0,0,0,0,0,0,0,0,0,0,0,0,0.09376,0.06194,0,0,0.10304,0.01941,0.00306,0.00339,0,0,0,0,0,0,9.29988,5.38722,0,0
Clostridium_clostridioforme,0.00185,0,5.22328,4.0987,0.00644,0,0.01542,0.00331,0.02722,0.02163,0.06072,0.03521,0,0,0,0,0,0,0,0,0,0,0,0,0,0,0.00816,0.04096,0.13116,0.12591,0,0,0,0,0,0,0,0,0,0,0,0,0.04714,0.04887
Eubacterium_siraeum,0,0,0.02371,0.01956,0,0,0,0,0.58032,0.53459,0,0,0.07723,0.07542,0,0,0,0,0.00462,0,0,0,0.24385,0.33621,0,0,0.95594,0.66486,0,0,0,0,2.25157,2.62736,7.34533,7.81564,0,0,0,0,0,0,0,0
Parabacteroides_unclassified,0.10837,0.02546,0,0.05454,0,0,0,0,0.60889,0.94341,0,0,0,0,0,0,0.26731,0.31104,0.00211,0,0,0,0,0,0,0,0,0,0.01041,0,0,0,0,0,0.23564,0.68371,0,0,0,0.02573,0.89125,0.23056,0.38076,0
Roseburia_unclassified,0,0.05765,0,0,0,0,0,0,0.10401,0.12808,0.04044,0.04356,0.04204,0.07716,0,0,0.00694,0.05084,0,0,0,0,0.00106,0.01191,0,0,0,0,0,0,0.17289,0.16674,0.05377,0.09924,0,0,0,0,0,0,0,0,0,0
Alistipes_putredinis,0,0,0,0,0,0,0,0,0,0,6.35643,8.70637,0,0,0,0,0,0,0,0,0,0,9.53127,9.20559,0,0,7.48148,6.56265,0,0,0,0,4.36463,3.30822,4.2736,4.27609,0.03551,0.00533,0.07361,0.03212,0,0,0,0
Bacteroides_faecis,0,0,0,0,0,0,0,0,0,0,0,0,0,0,0,0,0,0,0,0,0,0,1.77293,1.84256,0,0,0.01233,0.02382,0,0,0,0,0.01686,0.00945,0.01701,0.06714,6.89466,4.95067,0.00719,0.00674,0,0,1.28939,1.26205
Bifidobacterium_pseudocatenulatum,0,0,0,0,0,0,0,0,0,0,0,0,0.06663,0.06162,0.08065,0.65456,0.40756,0.44313,0,0,0,0,0,0,0.05266,0.13143,0,0,0,0,0.3791,0.35362,0,0,0,0,0.18285,0.05803,1.83942,1.21798,0,0,0,0
Ruminococcus_callidus,0.11225,0.1087,0,0,0.04053,0.03874,0.16854,0.14511,0,0,0,0,0,0,0.05043,0.02389,0.17013,0.19175,0,0,0,0,0,0,0,0,0,0,0,0,0.00439,0.00157,0.00819,0.0132,0,0,0,0,0,0,0,0,0,0
C2likevirus_unclassified,0.01904,0.03148,0,0,0,0,0,0.00414,0,0,0,0,0.08495,0.07554,0,0,0.46933,0.36318,0,0,0,0,0,0,0.86958,0.5801,0,0,0,0,9.4047,6.46543,0,0,0,0,0,0,0,0,0.00524,0,0.00163,0
Dorea_unclassified,0,0.07281,0.03529,0.07903,0,0,0,0,0.04032,0.26096,0,0,0,0,0,0,0,0,0.04349,0,0.01786,0,0,0,0,0,0.02198,0,0,0.03166,0,0.67885,0.02422,0.02626,0,0,0,0,0,0,0,0.21754,0,0
Lachnospiraceae_bacterium_2_1_58FAA,0,0,0,0,0.01241,0,0,0,0.00124,0,0.35564,0.19892,0.0376,0.0296,0.00335,0.01381,0,0,0,0,0,0,0.04178,0.02173,0,0,0,0,0,0,0.00769,0,0,0,0,0,0,0,0,0,0.22819,0.42005,0,0
Bacteroides_finegoldii,0,0,3.46972,3.93677,0,0,0,0,0,0,0,0,0,0,1.08457,0.90104,0.94748,1.35668,0,0,0,0,0,0,2.0687,2.38153,0,0,0,0,0.85321,0.86108,0,0,2.98311,3.35468,0,0,0,0,0,0,0,0
Megasphaera_unclassified,0,0,0.06852,0.09147,0,0,0,0,0,0,0,0,0,0,0.41054,1.52264,1.81335,3.12046,0,0,0,0,0.26183,0.24396,0.70428,1.2648,0,0,0,0,1.29114,1.64063,0,0,0,0,0,0,0,0,0,0,0,0
Lachnospiraceae_bacterium_8_1_57FAA,0.01411,0,0,0,0,0,0,0,0,0,0.10929,0.05301,0,0,0,0,0,0,0,0.02689,0,0.00734,0.07121,0.03317,0,0,0.1437,0,0,0,0,0,0,0.03943,0,0,0.03411,0,0,0,0.48897,0.10269,0,0
Propionibacterium_acnes,0,0.0107,0,0.00365,0,0.00724,0,0,0,0.01427,0,0,0,0.13207,0,0.0266,0,0.01831,0,0.01156,0,0.03957,0,0,0,0,0,0.06988,0,0.1178,0,0.01908,0,0,0,0,0,0,0,0,0,0,0,0
Ruminococcus_lactaris,0,0,0,0,2.16656,2.3425,3.19898,2.92682,0,0,0,0,0,0,0,0,0,0,0,0,0.00161,0,0.19653,0.18155,0,0,0,0,0,0,0,0,0,0,1.71069,1.38605,0.21463,0.19384,0,0,0,0,0,0
Bifidobacterium_breve,0,0,0,0,0,0,0.00239,0,0,0,0.12747,0.03414,0,0,4.53658,2.47487,0.00835,0.0035,0,0,0,0,0,0,1.52267,1.28389,0,0,0,0,0.51768,0.42099,0,0,0,0,0,0,0,0,0,0,0,0
Peptostreptococcaceae_noname_unclassified,0,0,0,0,0,0,0,0,0,0,0,0.00632,0,0,0,0,0,0.04422,0,0,0,0,0,0,0.04756,0.08545,0,0,0,0,0.05668,0,0,0,0.03598,0,0,0.02218,0.58893,0.45372,0,0,0.02261,0.01249
Alistipes_unclassified,0,0,0,0,0,0.05362,0,0,0,0,0,0,0,0,0.43768,0.26235,2.19556,3.26354,0,0,0,0,0,0,1.20178,1.47402,0,0,0,0,0.83647,0.95799,0,0,0,0,0,0,0,0,0,0.00586,0,0
Paraprevotella_unclassified,0.37622,0.31437,0,0,0,0,0,0,0.54953,0.4451,0,0,0,0,0,0,0,0,0,0,0,0,0,0,0,0,0,0,0,0,0,0,0,0,2.07517,2.11602,1.5806,1.01939,1.08945,0.93621,0,0,0,0
Paraprevotella_xylaniphila,0.90824,0.72187,0,0,0,0,0,0,1.06295,0.98709,0,0,0,0,0,0,0,0,0,0,0,0,0,0,0,0,0,0,0,0,0,0,0,0,0.0269,0.05649,0.23313,0.22268,0.21153,0.16441,0,0,0,0
Coprococcus_catus,0.00183,0.00327,0,0,0,0,0,0,0.01357,0.02403,0,0,0,0,0,0,0,0,0,0,0,0,0,0,0,0,0,0,0,0,0,0,0,0,0.08811,0.06196,0.04736,0.00895,0.38444,0.3896,0,0,0,0
Clostridium_bartlettii,0,0,0,0,0,0,0.00159,0,0,0,0,0.03996,0.01588,0.02656,0,0.01578,0,0,0,0,0,0,0,0,0.06428,0.03369,0,0,0,0,0.0016,0.00182,0,0,0,0,0,0,0,0,0,0,0.00221,0
Anaerotruncus_unclassified,0,0,0,0,0,0,0,0,0,0.02287,0,0,0,0,0.00511,0,0.05304,0,0.05082,0,0,0.01849,0.01166,0,0,0,0.13761,0,0,0.11235,0,0.0111,0,0,0,0,0,0,0,0,0,0,0,0
Ruminococcus_albus,0,0,0,0,0,0,0.00669,0.00269,0,0,0,0,0,0,0.01177,0.00267,0.00072,0.00085,0,0,0,0,0,0,0,0.00544,0,0,0,0,0.00057,0.00248,0,0,0,0,0,0,0,0,0,0,0,0
Barnesiella_intestinihominis,0,0,0,0,0,0,0,0,0,0,0,0,0,0,0,0,0,0,0,0,0,0,0,0,0,0,0,0,0,0,0,0,0,0,1.88266,1.97393,1.07491,0.70454,0.22515,0.16457,5.28547,0.79344,0,0
Odoribacter_splanchnicus,0,0,0,0,0,0,0,0,0,0,0,0,0,0,0,0,0,0,0,0,0,0,0.62482,0.59827,0,0,1.55513,1.01697,0,0,0,0,0.33823,0,0.31624,0.3243,0,0,0,0,0.98925,0,0,0
Coprobacillus_unclassified,0,0,0,0,0,0,0,0,0,0,1.02898,1.14584,0,0,0,0,0,0,0,0,0,0,0,0,0,0,0,0,0.00168,0.00233,0,0,0,0,0,0,0,0,0,0,0.78321,1.09988,0.03146,0.02994
Eggerthella_unclassified,0,0,0,0,0,0,0.00133,0,0.0015,0,0.06188,0.01608,0,0,0,0,0,0,0,0,0,0,0,0,0,0,0,0,0.0017,0,0,0,0,0,0,0,0,0,0.00199,0,0,0,0.01087,0.01198
Clostridiaceae_bacterium_JC118,0,0,0,0,0,0,0,0,0,0,0,0,0.00119,0,0,0,0.00488,0,0.00084,0.00224,0,0,0,0,0,0.00061,0,0,0,0,0.04136,0.03121,0,0,0,0,0,0,0,0,0.01854,0,0,0
Desulfovibrio_desulfuricans,0,0,0,0,0,0,0,0,0,0,0,0,0,0,0,0,0,0,0,0,0.00149,0.01141,0.0102,0.0049,0.00733,0.01159,0,0,0,0,0.00606,0.00218,0,0,0,0,0,0,0,0,0,0,0,0
Pseudoflavonifractor_capillosus,0,0,0,0,0,0,0,0,0,0,0,0,0,0,0,0,0.01036,0.00189,0,0,0,0,0,0,0.00673,0.01321,0,0,0,0,0.00547,0.00437,0,0,0.0005,0.00051,0,0,0,0,0,0,0,0
Bacteroides_sp_2_1_22,0,0,0,0,0,0,0,0,0,0,9.13686,12.4881,0,0,0,0,0,0,5.13114,0,2.44521,0.93847,5.54605,6.4331,0,0,0,0,0,0,0,0,0,0,0,0,0,0,0,0,0,0,0,0
Ruminococcus_sp_5_1_39BFAA,0,0,0,0,0.5019,0,0,0,0,0,0,0,0,0,0,0.27986,0,0,0,0,0.31637,0.35099,0,0,0,0,0,0,0,0,0,0,0,0,0,0,0,0,0.54906,0.37976,0,0,0.41412,0
Bacteroides_clarus,0,0,0,0,0,0,0,0,0,0,0,0,0.00069,0,0.00184,0,0,0,0,0,0,0,0,0,0.00068,0,0,0,0,0,0.00266,0.00188,0,0,0,0,0.00749,0.00456,0,0,0,0,0,0
Alistipes_senegalensis,0,0,8.35761,6.24355,0,0,0,0,0,0,0,0,0,0,0,0,0,0,0,0,0,0,0.00089,0.00042,0,0,0,0,0,0,0,0,0,0,0.04878,0.0439,0,0,0,0,0,0,0,0
Prevotella_bivia,0,0,0,0,0,0,0,0,3.66703,4.09132,0,0,0,0,0,0,0.00708,0.01805,0,0,0,0,0,0,0,0,0,0,0.47211,0.08925,0,0,0,0,0,0,0,0,0,0,0,0,0,0
Acidaminococcus_unclassified,0,0,0,0,0,0,0,0,0,0,0,0,0,0,0,0,0,0,0,0,0,0,0,0,0,0,0,0,0,0,0,0,0,0,0,0,3.17394,2.60921,0.24272,0.23754,1.13499,0.08052,0,0
Bacteroides_plebeius,0.26372,0.1998,0,0,0,0,0,0,0.09359,0.09379,0,0,0,0,0,0,0,0,0,0,0,0,0,0,0,0,0,0,0,0,0,0,0,0,2.58618,2.84615,0,0,0,0,0,0,0,0
Paraprevotella_clara,0,0,0,0,0,0,0,0,0,0,0,0,0,0,0,0,0,0,0,0,0,0,0,0,0,0,0,0,0,0,0,0,0,0,0.7368,0.80808,0.4782,0.40795,0.45513,0.37469,0,0,0,0
Sutterella_wadsworthensis,0,0,0,0,0,0,0,0,0,0,0,0,0,0,0,0,0,0,0,0,0,0,0,0,0.0037,0.00099,0,0,0.01647,0,0,0,0,0,0.71737,0.73197,0.00164,0,0,0,0,0,0,0
Lactobacillus_gasseri,0,0,0,0,0,0,0,0,0,0,0,0,0,0,0.03993,0.40227,0.00586,0.00333,0,0,0,0,0,0,0,0,0,0,0,0,0.00221,0.00205,0,0,0,0,0,0,0,0,0,0,0,0
Coprobacter_fastidiosus,0,0,0,0,0,0,0,0,0,0,0,0,0,0,0,0,0,0,0,0,0,0,0,0,0,0,0,0,0,0,0,0,0,0,0.03129,0.04964,0.02457,0.00986,0.0025,0.00025,0,0,0,0
Actinobacillus_unclassified,0.00356,0,0,0,0,0,0,0,0,0,0,0,0,0,0.01852,0.01701,0,0,0,0,0,0,0.01084,0.00505,0,0,0,0,0,0,0,0,0,0,0,0.00776,0,0,0,0,0,0,0,0
Bifidobacterium_catenulatum,0,0,0,0,0,0,0,0,0,0,0,0,0.3011,0.2982,0,0,0,0,0,0,0,0,0,0,0,0,0,0,0,0,0,0,0,0,0,0,0.0014,0,0.02923,0.01021,0,0,0,0
Holdemania_unclassified,0,0,0,0,0,0,0.02309,0,0.04668,0.01092,0.00109,0,0,0,0,0,0,0,0,0,0,0,0,0,0,0,0,0,0,0,0,0,0,0,0,0,0.00646,0,0,0,0,0,0,0
Streptococcus_thermophilus,0,0,0,0,0,0,0,0,0,0,0,0,0,0,0,0.01983,0,0,0,0,0,0,0,0,0,0,0,0,0,0,0,0,0,0,0.03096,0.02093,0,0,0,0,0,0,0.00135,0.0074
Coprococcus_sp_ART55_1,0,0,0,0,5.33149,4.39557,29.29038,23.98981,0,0,0,0,0,0,0,0,0,0,0,0,0,0,0,0,0,0,0,0,0,0,0,0,0,0,0,0,0,0,0,0,0,0,0,0
Alistipes_sp_HGB5,0,0,0,0,0,0,0,0,0,0,0,0,0,0,0,0,0,0,0,0,2.46049,2.31809,0,0,0,0,13.18662,12.79255,0,0,0,0,0,0,0,0,0,0,0,0,0,0,0,0
Bacteroides_coprocola,0.561,0.42964,0,0,0,0,0,0,1.03209,0.90201,0,0,0,0,0,0,0,0,0,0,0,0,0,0,0,0,0,0,0,0,0,0,0,0,0,0,0,0,0,0,0,0,0,0
Clostridium_nexile,0,0,0,0,0,0,0,0,0,0,1.47202,0.93849,0,0,0,0,0,0,0,0,0,0,0,0,0,0,0,0,0,0,0.03299,0.081,0,0,0,0,0,0,0,0,0,0,0,0
Megamonas_unclassified,0.9358,1.10453,0,0,0,0,0,0,0.09144,0.10644,0,0,0,0,0,0,0,0,0,0,0,0,0,0,0,0,0,0,0,0,0,0,0,0,0,0,0,0,0,0,0,0,0,0
Clostridium_ramosum,0,0,0,0,0,0,0,0,0,0,0.3321,0.31385,0,0,0,0,0,0,0,0,0,0,0,0,0,0,0,0,0,0,0,0,0,0,0,0,0,0,0,0,0.1198,0.13018,0,0
Streptococcus_intermedius,0.02976,0.03165,0,0,0,0,0,0,0.26236,0.38885,0,0,0,0,0,0,0,0,0,0,0,0,0,0,0,0,0,0,0,0,0,0,0,0,0,0,0,0,0,0,0,0,0,0
Peptostreptococcus_anaerobius,0,0,0,0,0,0,0,0,0,0,0,0,0,0,0,0,0,0,0,0,0,0,0,0,0,0,0,0,0.23637,0.24527,0,0,0,0,0,0,0.00963,0.00784,0,0,0,0,0,0
Fusobacterium_nucleatum,0.08576,0.25362,0,0,0,0,0,0,0,0,0,0,0,0.10813,0,0,0,0,0,0,0,0,0,0,0,0,0,0,0,0,0,0,0,0,0,0,0,0,0,0,0,0,0,0.01529
Klebsiella_pneumoniae,0,0,0,0,0,0,0,0,0,0,0,0,0,0,0,0,0,0,0,0,0,0,0,0,0,0,0,0,0.02374,0.02234,0.10813,0.06425,0,0,0,0,0,0,0,0,0,0,0,0
Bacteroides_cellulosilyticus,0,0,0.01131,0.0187,0,0,0,0,0,0,0,0,0,0,0,0,0,0,0,0,0,0,0,0,0,0,0,0,0,0,0,0,0,0,0.02623,0.02622,0,0,0,0,0,0,0,0
Erysipelotrichaceae_bacterium_21_3,0,0,0,0,0.00903,0.00305,0.02211,0.01281,0,0,0,0,0,0,0,0,0,0,0,0,0,0,0,0,0,0,0,0,0,0,0,0,0,0,0,0,0,0,0,0,0,0,0,0
Klebsiella_unclassified,0,0,0,0,0,0,0,0,0.00551,0,0,0,0,0,0,0.0209,0,0,0,0,0,0,0,0,0,0,0,0,0.00571,0.00919,0,0,0,0,0,0,0,0,0,0,0,0,0,0
Oscillibacter_sp_KLE_1728,0,0,0,0,0,0,0,0,0,0,0,0,0,0,0,0,0,0,0,0,0,0,0,0,2.11641,1.00198,0,0,0,0,0,0,0,0,0,0,0,0,0,0,0,0,0,0.64203
Bacteroidales_bacterium_ph8,0,0,0,0,0,0,0,0,0,0,0,0,0,0,0,0,0,0,0,0,0,0,0,0,0,0,0,0,0,0,0,0,0,0,0.58246,0.50148,0.01093,0,0,0,0,0,0,0
Parvimonas_unclassified,0,0,0,0,0,0,0,0,0.06286,0.06985,0,0,0,0.05477,0,0,0,0,0,0,0,0,0,0,0,0,0,0,0,0,0,0,0,0,0,0,0,0,0,0,0,0,0,0
Acidaminococcus_intestini,0,0,0,0,0,0,0,0,0,0,0,0,0,0,0,0,0,0,0,0,0,0,0,0,0,0,0,0,0,0.0035,0,0,0,0,0,0,0,0,0,0.00031,0.17852,0,0,0
Peptostreptococcus_stomatis,0,0,0,0,0,0,0,0,0.0523,0.04168,0,0,0,0.0296,0,0,0,0,0,0,0,0,0,0,0,0,0,0,0,0,0,0,0,0,0,0,0,0,0,0,0,0,0,0
Pseudomonas_unclassified,0,0,0,0,0,0,0,0,0,0,0,0,0,0,0,0,0,0,0,0,0,0,0,0,0,0,0,0.04356,0,0,0,0.01922,0,0,0,0,0,0.02617,0,0,0,0,0,0
Erysipelotrichaceae_bacterium_6_1_45,0,0,0,0,0,0,0,0,0,0,0,0,0,0,0,0,0.0035,0,0,0,0,0,0,0,0,0,0,0,0,0,0.02959,0.01791,0,0,0,0,0,0,0,0,0,0,0,0
Adlercreutzia_equolifaciens,0,0,0.01278,0.00485,0,0,0.00593,0,0,0,0,0,0,0,0,0,0,0,0,0,0,0,0,0,0,0,0,0,0,0,0,0,0,0,0,0,0,0,0,0,0,0,0,0
Rothia_unclassified,0,0,0,0,0,0,0,0,0,0,0,0,0,0,0.00389,0.00188,0,0,0,0,0,0,0,0,0,0.01513,0,0,0,0,0,0,0,0,0,0,0,0,0,0,0,0,0,0
Prevotella_disiens,0,0,0,0,0,0,0,0,0,0,0,0,0,0,0,0,0,0,0,0,0,0,0,0,0,0,0,0,0.003,0,0.0041,0.00984,0,0,0,0,0,0,0,0,0,0,0,0
Porphyromonas_asaccharolytica,0,0,0,0,0,0,0,0,0,0,0,0,0,0,0,0,0.00191,0.00026,0,0,0,0,0,0,0,0,0,0,0.00036,0,0,0,0,0,0,0,0,0,0,0,0,0,0,0
Clostridium_sp_L2_50,0,0,0,0,0,0,0,0,0,0,0,0,0,0,0,0,0,0,0,0,0,0,0,0,0,0,0,0,0,0,0,0,0,0,11.87225,11.69899,0,0,0,0,0,0,0,0
Bacteroides_pectinophilus,0,0,0,0,0,0,0,0,0,0,0,0,0,0,0,0,0,0,0,0,0,0,0,0,0,0,0,0,0,0,0,0,0,0,7.00057,7.72437,0,0,0,0,0,0,0,0
Klebsiella_phage_KP36,0,0,0,0,0,0,0,0,0,0,0,0,0,0,0,0,0,0,0,0,0,0,0,0,0,0,0,0,0,0,6.60157,5.20364,0,0,0,0,0,0,0,0,0,0,0,0
Bacteroides_salyersiae,0,0,1.28743,1.23183,0,0,0,0,0,0,0,0,0,0,0,0,0,0,0,0,0,0,0,0,0,0,0,0,0,0,0,0,0,0,0,0,0,0,0,0,0,0,0,0
Bacteroides_barnesiae,0,0,0,0,0,0,0,0,0,0,0,0,0,0,0,0,0,0,0,0,0,0,0,0,0,0,0,0,0,0,0,0,0,0,1.16748,1.22614,0,0,0,0,0,0,0,0
Lachnospiraceae_bacterium_1_4_56FAA,0,0,0,0,0,0,0,0,0,0,1.0353,0.60461,0,0,0,0,0,0,0,0,0,0,0,0,0,0,0,0,0,0,0,0,0,0,0,0,0,0,0,0,0,0,0,0
Coprococcus_eutactus,0,0,0,0,0,0,0,0,0,0,0,0,0,0,0,0,0,0,0,0,0,0,0,0,0,0,0,0,0,0,0,0,0,0,0.45456,0.42793,0,0,0,0,0,0,0,0
Prevotella_timonensis,0,0,0,0,0,0,0,0,0,0,0,0,0,0,0,0,0,0,0,0,0,0,0,0,0,0,0,0,0.57156,0.03859,0,0,0,0,0,0,0,0,0,0,0,0,0,0
Parabacteroides_goldsteinii,0,0,0,0,0,0,0,0,0,0,0,0,0,0,0,0,0,0,0,0,0,0,0.35966,0.24267,0,0,0,0,0,0,0,0,0,0,0,0,0,0,0,0,0,0,0,0
Megamonas_hypermegale,0.02533,0.54248,0,0,0,0,0,0,0,0,0,0,0,0,0,0,0,0,0,0,0,0,0,0,0,0,0,0,0,0,0,0,0,0,0,0,0,0,0,0,0,0,0,0
Bacteroides_sp_1_1_6,0,0,0,0,0,0,0,0,0,0,0,0,0.26654,0.25997,0,0,0,0,0,0,0,0,0,0,0,0,0,0,0,0,0,0,0,0,0,0,0,0,0,0,0,0,0,0
Bacteroides_intestinalis,0,0,0.25542,0.25629,0,0,0,0,0,0,0,0,0,0,0,0,0,0,0,0,0,0,0,0,0,0,0,0,0,0,0,0,0,0,0,0,0,0,0,0,0,0,0,0
Parabacteroides_johnsonii,0,0,0,0,0,0,0,0,0,0,0,0,0,0,0,0,0,0,0,0,0,0,0,0,0,0,0,0,0,0,0,0,0,0,0.23067,0.22445,0,0,0,0,0,0,0,0
Megamonas_funiformis,0.12073,0.26707,0,0,0,0,0,0,0,0,0,0,0,0,0,0,0,0,0,0,0,0,0,0,0,0,0,0,0,0,0,0,0,0,0,0,0,0,0,0,0,0,0,0
Aggregatibacter_segnis,0.16588,0.17128,0,0,0,0,0,0,0,0,0,0,0,0,0,0,0,0,0,0,0,0,0,0,0,0,0,0,0,0,0,0,0,0,0,0,0,0,0,0,0,0,0,0
Aggregatibacter_unclassified,0.0761,0.16552,0,0,0,0,0,0,0,0,0,0,0,0,0,0,0,0,0,0,0,0,0,0,0,0,0,0,0,0,0,0,0,0,0,0,0,0,0,0,0,0,0,0
Lactobacillus_crispatus,0,0,0,0,0,0,0,0,0,0,0,0,0,0,0,0,0,0,0,0,0,0,0,0,0,0,0,0,0.09681,0.05234,0,0,0,0,0,0,0,0,0,0,0,0,0,0
Methanobrevibacter_smithii,0,0,0,0,0,0,0,0,0,0,0,0,0,0,0,0,0,0,0,0,0,0,0,0,0,0,0,0,0,0,0,0,0,0,0.04892,0.06138,0,0,0,0,0,0,0,0
Eikenella_corrodens,0,0,0,0,0,0,0,0,0,0,0.01217,0,0,0.09298,0,0,0,0,0,0,0,0,0,0,0,0,0,0,0,0,0,0,0,0,0,0,0,0,0,0,0,0,0,0
Anaerostipes_unclassified,0,0,0.06748,0.03255,0,0,0,0,0,0,0,0,0,0,0,0,0,0,0,0,0,0,0,0,0,0,0,0,0,0,0,0,0,0,0,0,0,0,0,0,0,0,0,0
Klebsiella_oxytoca,0,0,0,0,0,0,0,0,0,0,0,0,0,0,0.01424,0.07803,0,0,0,0,0,0,0,0,0,0,0,0,0,0,0,0,0,0,0,0,0,0,0,0,0,0,0,0
Bacteroides_nordii,0,0,0,0,0,0,0,0,0,0,0,0,0,0,0,0,0,0,0,0,0,0,0,0,0,0,0,0,0,0,0,0,0,0,0.04257,0.04198,0,0,0,0,0,0,0,0
Megamonas_rupellensis,0.01934,0.06183,0,0,0,0,0,0,0,0,0,0,0,0,0,0,0,0,0,0,0,0,0,0,0,0,0,0,0,0,0,0,0,0,0,0,0,0,0,0,0,0,0,0
Anaerococcus_vaginalis,0,0,0,0,0,0,0,0,0,0,0,0,0.00103,0.0681,0,0,0,0,0,0,0,0,0,0,0,0,0,0,0,0,0,0,0,0,0,0,0,0,0,0,0,0,0,0
Peptoniphilus_duerdenii,0,0,0,0,0,0,0,0,0,0,0,0,0.00166,0.06235,0,0,0,0,0,0,0,0,0,0,0,0,0,0,0,0,0,0,0,0,0,0,0,0,0,0,0,0,0,0
Catenibacterium_mitsuokai,0,0,0,0,0,0,0,0,0,0,0,0,0,0,0,0,0,0,0,0,0,0,0,0,0.01511,0.04735,0,0,0,0,0,0,0,0,0,0,0,0,0,0,0,0,0,0
Clostridium_innocuum,0,0,0,0,0,0,0,0,0,0,0,0,0,0,0,0,0,0,0,0,0,0,0,0,0,0,0,0,0.03082,0.0262,0,0,0,0,0,0,0,0,0,0,0,0,0,0
Erysipelotrichaceae_bacterium_2_2_44A,0,0,0,0,0,0,0,0,0,0,0,0,0,0,0,0,0,0,0,0,0,0,0,0,0,0,0,0,0.0262,0.00945,0,0,0,0,0,0,0,0,0,0,0,0,0,0
Enterococcus_raffinosus,0,0,0,0,0,0,0,0,0,0,0,0,0,0,0,0,0,0,0,0,0,0,0,0,0,0,0,0,0.02036,0.01142,0,0,0,0,0,0,0,0,0,0,0,0,0,0
Blautia_hydrogenotrophica,0,0,0.01631,0.01472,0,0,0,0,0,0,0,0,0,0,0,0,0,0,0,0,0,0,0,0,0,0,0,0,0,0,0,0,0,0,0,0,0,0,0,0,0,0,0,0
Burkholderia_unclassified,0,0,0,0,0,0,0,0,0,0,0,0,0,0,0,0,0,0,0,0,0,0,0,0,0,0,0,0,0,0,0,0,0,0,0,0,0,0,0.01305,0,0,0,0.01451,0
Pantoea_unclassified,0,0,0,0,0,0,0,0,0,0,0,0,0,0,0,0,0,0,0,0,0,0,0,0,0,0,0,0,0,0,0.01197,0.01338,0,0,0,0,0,0,0,0,0,0,0,0
Methanobrevibacter_unclassified,0,0,0,0,0,0,0,0,0,0,0,0,0,0,0,0,0,0,0,0,0,0,0.0086,0,0,0,0,0,0,0,0,0,0,0,0.0147,0,0,0,0,0,0,0,0,0
Streptococcus_mitis_oralis_pneumoniae,0,0,0,0,0,0,0,0,0,0,0,0,0,0,0,0,0,0,0,0,0,0,0,0,0,0,0,0,0,0,0,0,0,0,0,0,0,0,0.00767,0.00699,0,0,0,0
Streptococcus_vestibularis,0,0,0,0,0,0,0,0,0,0,0,0,0,0,0,0.009,0,0,0,0,0,0,0,0,0,0,0,0,0,0,0,0,0,0,0,0.003,0,0,0,0,0,0,0,0
Oxalobacter_formigenes,0,0,0,0,0,0,0,0,0,0,0,0,0,0,0,0,0,0,0,0,0,0,0,0,0,0,0,0,0,0,0,0,0,0,0.00756,0.00228,0,0,0,0,0,0,0,0
Streptococcus_mutans,0,0,0,0,0,0,0,0,0,0,0,0,0,0,0.00256,0.00699,0,0,0,0,0,0,0,0,0,0,0,0,0,0,0,0,0,0,0,0,0,0,0,0,0,0,0,0
Streptococcus_anginosus,0,0,0,0,0,0,0,0,0,0,0,0,0,0,0.0003,0.00822,0,0,0,0,0,0,0,0,0,0,0,0,0,0,0,0,0,0,0,0,0,0,0,0,0,0,0,0
Clostridium_difficile,0,0,0,0,0,0,0,0,0,0,0,0,0,0,0,0,0,0,0,0,0,0,0,0,0,0,0,0,0,0,0,0,0,0,0,0,0,0,0,0,0,0,0.00304,0.00278
Granulicatella_unclassified,0,0,0,0,0,0,0,0,0,0,0,0,0,0,0.0013,0,0,0,0,0,0,0,0,0,0,0,0,0,0,0,0,0,0,0,0,0,0,0,0.00362,0,0,0,0,0
Streptococcus_gordonii,0,0,0,0,0,0,0,0,0,0,0,0,0,0,0.00035,0,0,0,0,0,0,0,0,0,0.00431,0,0,0,0,0,0,0,0,0,0,0,0,0,0,0,0,0,0,0
Enhydrobacter_aerosaccus,0,0,0,0,0,0,0,0,0,0.68354,0,0,0,0,0,0,0,0,0,0,0,0,0,0,0,0,0,0,0,0,0,0,0,0,0,0,0,0,0,0,0,0,0,0
Propionibacterium_phage_P100_A,0,0,0,0,0,0,0,0,0,0,0,0,0,0,0,0,0,0,0,0,0,0,0,0,0,0,0,0,0,0,0,0.41145,0,0,0,0,0,0,0,0,0,0,0,0
Alistipes_sp_AP11,0,0,0,0,0,0,0,0,0,0,0,0,0,0,0,0,0,0,0,0,0.2586,0,0,0,0,0,0,0,0,0,0,0,0,0,0,0,0,0,0,0,0,0,0,0
Odoribacter_unclassified,0,0,0,0,0,0,0,0,0,0,0,0,0,0,0,0,0,0,0,0,0,0,0,0,0,0,0,0,0,0,0,0,0,0.10166,0,0,0,0,0,0,0,0,0,0
Lactobacillus_phage_Lc_Nu,0,0,0,0,0,0,0,0,0,0,0,0,0,0,0,0.03916,0,0,0,0,0,0,0,0,0,0,0,0,0,0,0,0,0,0,0,0,0,0,0,0,0,0,0,0
Peptostreptococcus_unclassified,0,0,0,0,0,0,0,0,0,0,0.03411,0,0,0,0,0,0,0,0,0,0,0,0,0,0,0,0,0,0,0,0,0,0,0,0,0,0,0,0,0,0,0,0,0
Avian_myelocytomatosis_virus,0,0,0,0,0,0,0,0,0,0,0,0,0,0,0,0,0,0,0,0,0,0,0,0,0,0,0,0,0,0,0,0,0,0,0,0,0,0,0,0,0.03286,0,0,0
Paracoccus_unclassified,0,0,0,0,0,0,0,0,0,0.03262,0,0,0,0,0,0,0,0,0,0,0,0,0,0,0,0,0,0,0,0,0,0,0,0,0,0,0,0,0,0,0,0,0,0
Anaerococcus_obesiensis,0,0,0,0,0,0,0,0,0,0,0,0,0,0.02874,0,0,0,0,0,0,0,0,0,0,0,0,0,0,0,0,0,0,0,0,0,0,0,0,0,0,0,0,0,0
Bifidobacterium_animalis,0,0,0,0,0,0,0,0,0,0,0,0,0,0,0,0,0,0,0,0,0,0,0,0,0,0,0,0.02239,0,0,0,0,0,0,0,0,0,0,0,0,0,0,0,0
Gardnerella_vaginalis,0,0,0,0,0,0,0,0,0,0,0,0,0,0,0,0,0,0,0,0,0,0,0,0,0,0,0,0,0.0189,0,0,0,0,0,0,0,0,0,0,0,0,0,0,0
Atopobium_vaginae,0,0,0,0,0,0,0,0,0,0,0,0,0,0,0,0,0,0,0,0,0,0,0,0,0,0,0,0,0.01737,0,0,0,0,0,0,0,0,0,0,0,0,0,0,0
Micrococcus_luteus,0,0,0,0,0,0,0,0,0,0.01524,0,0,0,0,0,0,0,0,0,0,0,0,0,0,0,0,0,0,0,0,0,0,0,0,0,0,0,0,0,0,0,0,0,0
Porcine_type_C_oncovirus,0,0,0,0,0,0,0,0,0,0,0,0,0,0,0,0,0,0,0,0,0,0,0,0,0,0,0,0,0,0,0,0,0,0.0127,0,0,0,0,0,0,0,0,0,0
Scardovia_wiggsiae,0,0,0,0,0,0,0,0,0,0,0,0,0,0,0,0.01048,0,0,0,0,0,0,0,0,0,0,0,0,0,0,0,0,0,0,0,0,0,0,0,0,0,0,0,0
Neisseria_unclassified,0,0,0,0,0,0.00862,0,0,0,0,0,0,0,0,0,0,0,0,0,0,0,0,0,0,0,0,0,0,0,0,0,0,0,0,0,0,0,0,0,0,0,0,0,0
Bifidobacterium_pseudolongum,0.00851,0,0,0,0,0,0,0,0,0,0,0,0,0,0,0,0,0,0,0,0,0,0,0,0,0,0,0,0,0,0,0,0,0,0,0,0,0,0,0,0,0,0,0
Alistipes_indistinctus,0,0,0,0,0,0,0,0,0,0,0,0,0,0,0,0,0,0,0,0,0,0,0,0,0,0,0,0,0,0,0,0,0,0,0.00495,0,0,0,0,0,0,0,0,0
Parvimonas_micra,0,0,0,0,0,0,0,0,0,0.00451,0,0,0,0,0,0,0,0,0,0,0,0,0,0,0,0,0,0,0,0,0,0,0,0,0,0,0,0,0,0,0,0,0,0
Haemophilus_pittmaniae,0.00443,0,0,0,0,0,0,0,0,0,0,0,0,0,0,0,0,0,0,0,0,0,0,0,0,0,0,0,0,0,0,0,0,0,0,0,0,0,0,0,0,0,0,0
PhiCD119likevirus_unclassified,0,0,0,0,0,0,0,0,0,0,0,0,0,0,0,0,0,0,0,0,0,0,0,0,0,0,0,0,0,0,0,0,0,0,0,0,0,0,0,0,0,0,0.00399,0
Lachnospiraceae_bacterium_5_1_57FAA,0,0,0,0,0,0,0,0,0,0,0,0,0,0,0,0,0,0,0,0,0,0,0.00279,0,0,0,0,0,0,0,0,0,0,0,0,0,0,0,0,0,0,0,0,0
Gemella_morbillorum,0,0,0,0,0,0,0,0,0,0,0,0,0,0.0027,0,0,0,0,0,0,0,0,0,0,0,0,0,0,0,0,0,0,0,0,0,0,0,0,0,0,0,0,0,0
Collinsella_tanakaei,0,0,0,0,0,0,0,0,0,0,0,0,0,0,0,0,0,0,0,0,0,0,0,0,0.00196,0,0,0,0,0,0,0,0,0,0,0,0,0,0,0,0,0,0,0
Scardovia_unclassified,0,0,0,0,0,0,0,0,0,0,0,0,0,0,0,0.00178,0,0,0,0,0,0,0,0,0,0,0,0,0,0,0,0,0,0,0,0,0,0,0,0,0,0,0,0
Rothia_dentocariosa,0,0,0,0,0,0,0,0,0,0,0,0,0,0,0,0.00172,0,0,0,0,0,0,0,0,0,0,0,0,0,0,0,0,0,0,0,0,0,0,0,0,0,0,0,0
Streptococcus_infantis,0,0,0,0,0,0,0,0,0,0,0,0,0,0,0,0.00165,0,0,0,0,0,0,0,0,0,0,0,0,0,0,0,0,0,0,0,0,0,0,0,0,0,0,0,0
Enterobacter_cloacae,0,0,0,0,0,0,0,0,0,0,0,0,0,0,0,0,0,0,0,0,0,0,0,0,0,0,0,0,0,0,0,0.00135,0,0,0,0,0,0,0,0,0,0,0,0
Alloprevotella_unclassified,0.00132,0,0,0,0,0,0,0,0,0,0,0,0,0,0,0,0,0,0,0,0,0,0,0,0,0,0,0,0,0,0,0,0,0,0,0,0,0,0,0,0,0,0,0
Butyricimonas_synergistica,0,0,0,0,0,0,0,0,0,0,0,0,0,0,0,0,0,0,0,0,0,0,0,0,0,0,0,0,0,0,0,0,0,0,0,0.00123,0,0,0,0,0,0,0,0
Lactobacillus_oris,0,0,0,0,0,0,0,0,0,0,0,0,0,0,0,0.00084,0,0,0,0,0,0,0,0,0,0,0,0,0,0,0,0,0,0,0,0,0,0,0,0,0,0,0,0
Collinsella_stercoris,0,0,0,0,0,0,0,0,0,0,0,0,0,0,0,0.00079,0,0,0,0,0,0,0,0,0,0,0,0,0,0,0,0,0,0,0,0,0,0,0,0,0,0,0,0
Dialister_micraerophilus,0,0,0,0,0,0,0,0,0,0,0,0,0,0,0,0,0,0,0,0,0,0,0,0,0,0,0,0,0.00065,0,0,0,0,0,0,0,0,0,0,0,0,0,0,0
Lactobacillus_rhamnosus,0,0,0,0,0,0,0,0,0,0,0,0,0,0,0,0.00059,0,0,0,0,0,0,0,0,0,0,0,0,0,0,0,0,0,0,0,0,0,0,0,0,0,0,0,0
Rothia_mucilaginosa,0,0,0,0,0,0,0,0,0,0,0,0,0,0,0,0,0,0,0,0,0,0,0,0,0.00047,0,0,0,0,0,0,0,0,0,0,0,0,0,0,0,0,0,0,0
